<?xml version="1.0" encoding="UTF-8"?>
<!DOCTYPE nmaprun>
<?xml-stylesheet href="file:///usr/bin/../share/nmap/nmap.xsl" type="text/xsl"?>
<!-- Nmap 7.80 scan initiated Wed Jun 10 13:40:12 2020 as: nmap -Pn -sT -&#45;top-ports 100 -oA 10.185.10.34-top100 10.185.10.34 -->
<nmaprun scanner="nmap" args="nmap -Pn -sT -&#45;top-ports 100 -oA 10.185.10.34-top100 10.185.10.34" start="1591760412" startstr="Wed Jun 10 13:40:12 2020" version="7.80" xmloutputversion="1.04">
<scaninfo type="connect" protocol="tcp" numservices="100" services="7,9,13,21-23,25-26,37,53,79-81,88,106,110-111,113,119,135,139,143-144,179,199,389,427,443-445,465,513-515,543-544,548,554,587,631,646,873,990,993,995,1025-1029,1110,1433,1720,1723,1755,1900,2000-2001,2049,2121,2717,3000,3128,3306,3389,3986,4899,5000,5009,5051,5060,5101,5190,5357,5432,5631,5666,5800,5900,6000-6001,6646,7070,8000,8008-8009,8080-8081,8443,8888,9100,9999-10000,32768,49152-49157"/>
<verbose level="0"/>
<debugging level="0"/>
<host starttime="1591760412" endtime="1591760442"><status state="up" reason="user-set" reason_ttl="0"/>
<address addr="10.185.10.34" addrtype="ipv4"/>
<hostnames>
</hostnames>
<ports><extraports state="closed" count="91">
<extrareasons reason="conn-refused" count="91"/>
</extraports>
<port protocol="tcp" portid="135"><state state="open" reason="syn-ack" reason_ttl="0"/><service name="msrpc" method="table" conf="3"/></port>
<port protocol="tcp" portid="139"><state state="open" reason="syn-ack" reason_ttl="0"/><service name="netbios-ssn" method="table" conf="3"/></port>
<port protocol="tcp" portid="445"><state state="open" reason="syn-ack" reason_ttl="0"/><service name="microsoft-ds" method="table" conf="3"/></port>
<port protocol="tcp" portid="49152"><state state="open" reason="syn-ack" reason_ttl="0"/><service name="unknown" method="table" conf="3"/></port>
<port protocol="tcp" portid="49153"><state state="open" reason="syn-ack" reason_ttl="0"/><service name="unknown" method="table" conf="3"/></port>
<port protocol="tcp" portid="49154"><state state="open" reason="syn-ack" reason_ttl="0"/><service name="unknown" method="table" conf="3"/></port>
<port protocol="tcp" portid="49155"><state state="open" reason="syn-ack" reason_ttl="0"/><service name="unknown" method="table" conf="3"/></port>
<port protocol="tcp" portid="49156"><state state="open" reason="syn-ack" reason_ttl="0"/><service name="unknown" method="table" conf="3"/></port>
<port protocol="tcp" portid="49157"><state state="open" reason="syn-ack" reason_ttl="0"/><service name="unknown" method="table" conf="3"/></port>
</ports>
<times srtt="280768" rttvar="79288" to="597920"/>
</host>
<runstats><finished time="1591760442" timestr="Wed Jun 10 13:40:42 2020" elapsed="30.02" summary="Nmap done at Wed Jun 10 13:40:42 2020; 1 IP address (1 host up) scanned in 30.02 seconds" exit="success"/><hosts up="1" down="0" total="1"/>
</runstats>
</nmaprun>
